id,first_name,last_name,email,car_make,car_model,car_year,car_price
1,Glenda,Bogeys,gbogeys0@wsj.com,GMC,Yukon XL 2500,2005,31
2,Mickey,Gregoraci,mgregoraci1@twitter.com,Lexus,GX,2005,96
3,Reube,Nosworthy,rnosworthy2@nyu.edu,GMC,Savana 1500,2001,27
4,Amber,Stronack,astronack3@shutterfly.com,Volvo,V40,2001,72
5,Jazmin,Truluck,jtruluck4@parallels.com,Chevrolet,Suburban 1500,2007,43
6,Estella,Parton,eparton5@squidoo.com,Ford,Explorer,2009,21
7,Romain,Ferrario,rferrario6@opera.com,Cadillac,DeVille,1993,17
8,Yetta,Tudhope,ytudhope7@deliciousdays.com,GMC,Savana 2500,2009,73
9,Elinore,McGairl,emcgairl8@ehow.com,Peugeot,207,2006,99
10,Cecilia,Kenelin,ckenelin9@cnet.com,Lexus,GX,2011,31
11,Corry,Van Waadenburg,cvanwaadenburga@illinois.edu,GMC,Sierra 2500,2003,64
12,Antoine,Geldart,ageldartb@paypal.com,Chevrolet,3500,1997,57
13,Almeta,Purshouse,apurshousec@wix.com,Ford,Escort,1989,43
14,Linet,Sharpling,lsharplingd@xinhuanet.com,Ford,F250,2012,76
15,Vincenz,Lovelady,vloveladye@furl.net,Dodge,Ram 1500 Club,1996,98
16,Hadrian,Drews,hdrewsf@amazonaws.com,Mazda,Mazdaspeed 3,2010,64
17,Anselma,Bocke,abockeg@ca.gov,Nissan,Sentra,1998,33
18,Stoddard,Sendall,ssendallh@blogs.com,Ford,Taurus X,2008,36
19,Guillermo,Poleykett,gpoleyketti@cmu.edu,Jeep,Wrangler,2009,84
20,Frannie,Corn,fcornj@archive.org,Cadillac,Escalade ESV,2007,67
21,Evyn,Sawdy,esawdyk@msu.edu,Mercedes-Benz,C-Class,2000,18
22,Corissa,Stroban,cstrobanl@kickstarter.com,Pontiac,Grand Prix,1972,87
23,Edgardo,Inott,einottm@bravesites.com,Pontiac,Grand Am,2001,33
24,Jacob,Gadsdon,jgadsdonn@nih.gov,Mercedes-Benz,C-Class,2000,32
25,Alyson,Durkin,adurkino@hatena.ne.jp,Ford,Probe,1997,28
26,Dede,Rogers,drogersp@google.fr,Lamborghini,Murciélago,2009,34
27,Frederico,Lamshead,flamsheadq@hao123.com,Buick,Terraza,2005,50
28,Flemming,Garford,fgarfordr@hatena.ne.jp,Saab,9-5,2010,81
29,Pansy,Klampt,pklampts@omniture.com,Volvo,S70,1999,52
30,Noel,Huyhton,nhuyhtont@deliciousdays.com,Nissan,Xterra,2011,26
31,Maiga,Crichten,mcrichtenu@odnoklassniki.ru,Cadillac,Catera,2000,49
32,Templeton,Wealleans,twealleansv@live.com,Maybach,62,2010,52
33,Kermit,Novotne,knovotnew@ucoz.ru,Chevrolet,Corvette,2005,98
34,Halsy,Extance,hextancex@devhub.com,Audi,TT,2006,29
35,Thaddeus,Hancill,thancilly@cyberchimps.com,Ford,Mustang,1969,20
36,Hastings,Ambroziak,hambroziakz@theatlantic.com,Honda,S2000,2001,32
37,Shauna,Greenhalf,sgreenhalf10@vkontakte.ru,Pontiac,Torrent,2008,48
38,Jose,Larmett,jlarmett11@lulu.com,Acura,NSX,2003,9
39,Nicole,Sliman,nsliman12@plala.or.jp,Hummer,H3,2009,47
40,Gamaliel,Cyster,gcyster13@prnewswire.com,Mercedes-Benz,300CE,1993,36
41,Loralie,Westmoreland,lwestmoreland14@wisc.edu,Mitsubishi,RVR,1995,21
42,Garey,Ellaman,gellaman15@thetimes.co.uk,Suzuki,Equator,2009,65
43,Jill,Phebey,jphebey16@elpais.com,Acura,Integra,1996,46
44,Dan,McAuslene,dmcauslene17@ask.com,Porsche,Carrera GT,2005,23
45,Mallissa,Bent,mbent18@wikia.com,Lincoln,Navigator,2003,36
46,Xena,Preshaw,xpreshaw19@toplist.cz,Lexus,IS,2005,54
47,Corri,Gidden,cgidden1a@bloglovin.com,Buick,Rendezvous,2005,97
48,Dougie,Paolucci,dpaolucci1b@meetup.com,Scion,xA,2005,8
49,Shayna,Amor,samor1c@bloglines.com,Lincoln,Town Car,1994,94
50,Stillmann,Brody,sbrody1d@rediff.com,Aston Martin,DBS,2012,56
51,Halimeda,Livingston,hlivingston1e@wunderground.com,Ford,Crown Victoria,1999,43
52,Pryce,Rivalland,privalland1f@bbb.org,Ford,EXP,1986,11
53,Noel,Breedy,nbreedy1g@smugmug.com,Acura,TSX,2008,95
54,Blanch,Hulland,bhulland1h@technorati.com,Buick,Lucerne,2010,57
55,Rancell,Vernalls,rvernalls1i@rediff.com,GMC,Jimmy,1994,16
56,Romola,McCallam,rmccallam1j@fda.gov,GMC,Savana 3500,1999,88
57,Ellynn,Bendle,ebendle1k@shinystat.com,Mitsubishi,Mirage,1988,58
58,Neila,Dorkin,ndorkin1l@google.cn,Chevrolet,G-Series G10,1994,61
59,Sallee,Dickin,sdickin1m@clickbank.net,Mitsubishi,Mighty Max Macro,1994,25
60,Zachariah,Riseborough,zriseborough1n@barnesandnoble.com,Audi,TT,2008,27
61,Brendan,McElwee,bmcelwee1o@utexas.edu,Audi,Q7,2008,30
62,Valma,Shower,vshower1p@symantec.com,Ford,Expedition EL,2008,63
63,Angelica,Ferraraccio,aferraraccio1q@51.la,Ford,Escape,2007,34
64,Kelli,Luxton,kluxton1r@toplist.cz,Volkswagen,Passat,2004,50
65,Sharity,Hurkett,shurkett1s@twitpic.com,BMW,745,2002,36
66,Douglas,Bockmaster,dbockmaster1t@mlb.com,Buick,Riviera,1998,40
67,Roanne,Aupol,raupol1u@wufoo.com,Oldsmobile,Alero,2000,2
68,Dexter,Coatham,dcoatham1v@unc.edu,Mitsubishi,Mirage,1986,16
69,Kitty,Sunshine,ksunshine1w@vistaprint.com,GMC,Yukon,1999,99
70,Rochella,Seamer,rseamer1x@gmpg.org,Chevrolet,Classic,2004,46
71,Magda,Du Fray,mdufray1y@usda.gov,Hyundai,Equus,2011,93
72,Karleen,Emig,kemig1z@hubpages.com,Subaru,Baja,2006,96
73,Floyd,Rought,frought20@businessweek.com,Oldsmobile,Bravada,1994,3
74,Ami,Lautie,alautie21@over-blog.com,Subaru,Brat,1986,65
75,Aleece,Poston,aposton22@vkontakte.ru,Infiniti,M,2010,60
76,Edgar,Calderonello,ecalderonello23@ucla.edu,Acura,SLX,1998,43
77,Nisse,Dallosso,ndallosso24@japanpost.jp,Infiniti,Q,2003,27
78,Sayers,Tillyer,stillyer25@youtube.com,Honda,Odyssey,2000,45
79,Ardene,Toope,atoope26@hp.com,Acura,TSX,2009,52
80,Erhart,Jammes,ejammes27@yahoo.co.jp,Volkswagen,Type 2,1991,54
81,Barbara-anne,Dodamead,bdodamead28@businessweek.com,Volvo,S60,2002,84
82,Wells,Cutting,wcutting29@qq.com,Acura,Integra,1992,47
83,Trefor,Gettins,tgettins2a@amazon.co.jp,Volkswagen,Golf,1990,35
84,Rosalie,Bonar,rbonar2b@aol.com,Chevrolet,Bel Air,1967,85
85,Patten,Carefull,pcarefull2c@phpbb.com,Chrysler,Voyager,2000,20
86,Pooh,Piddocke,ppiddocke2d@sphinn.com,Infiniti,FX,2012,68
87,Marga,Yarmouth,myarmouth2e@businessweek.com,Pontiac,Bonneville,1996,89
88,Virginia,Boullin,vboullin2f@cpanel.net,Lexus,GS,2008,7
89,Alley,Raymen,araymen2g@1und1.de,Cadillac,STS,2008,4
90,Nick,Choudhury,nchoudhury2h@seattletimes.com,Infiniti,G35,2004,65
91,Mahmud,Foston,mfoston2i@lycos.com,Chevrolet,Monte Carlo,2001,27
92,Junette,Shrive,jshrive2j@pcworld.com,Toyota,Corolla,1998,16
93,Skipper,Votier,svotier2k@fastcompany.com,Mercedes-Benz,400E,1992,53
94,Bess,Pitkins,bpitkins2l@amazon.co.uk,Mazda,Miata MX-5,1997,71
95,Hewe,Tobin,htobin2m@ted.com,Saab,9-3,2008,58
96,Darsey,Rentalll,drentalll2n@cmu.edu,Nissan,Altima,2013,42
97,Gerri,Jeannesson,gjeannesson2o@sfgate.com,Mercedes-Benz,CLK-Class,2008,68
98,Catherina,Hannond,channond2p@yandex.ru,Chevrolet,Aveo,2006,20
99,Rafe,Givens,rgivens2q@whitehouse.gov,Dodge,Ram 2500,2004,2
100,Lou,Di Franceshci,ldifranceshci2r@simplemachines.org,Pontiac,Vibe,2005,9
101,Janessa,Minor,jminor2s@wikimedia.org,Mitsubishi,Galant,1995,65
102,Arabel,Wabersinke,awabersinke2t@nyu.edu,Oldsmobile,Aurora,1999,84
103,Mitchell,Schutze,mschutze2u@washington.edu,Kia,Spectra,2005,5
104,Sandor,Biggin,sbiggin2v@simplemachines.org,Dodge,Ram Wagon B150,1993,52
105,Philip,Howford,phowford2w@goo.gl,Land Rover,Defender 90,1994,90
106,Bobbi,Lintall,blintall2x@slashdot.org,Hyundai,Tiburon,2005,2
107,Sloane,Elcomb,selcomb2y@unesco.org,Subaru,Impreza,2008,67
108,Ashlin,Robbeke,arobbeke2z@google.nl,Audi,S4,2013,92
109,Leontyne,Eakley,leakley30@hibu.com,Nissan,240SX,1992,90
110,Noemi,Lupton,nlupton31@blogtalkradio.com,Mitsubishi,Excel,1987,50
111,Ardis,Cortese,acortese32@blogtalkradio.com,Buick,Electra,1985,5
112,Marshall,Temblett,mtemblett33@stumbleupon.com,Chevrolet,Lumina,1998,21
113,Claudius,Fitch,cfitch34@wordpress.com,Cadillac,Seville,1997,79
114,Dedie,Coalbran,dcoalbran35@desdev.cn,Pontiac,Turbo Firefly,1988,8
115,Jarrad,Duffin,jduffin36@photobucket.com,Ford,Escort,1991,9
116,Elnore,Karby,ekarby37@ovh.net,Subaru,Alcyone SVX,1994,47
117,Damian,Lindblad,dlindblad38@1688.com,Lexus,SC,1999,16
118,Price,Donovin,pdonovin39@ucoz.ru,Ford,F250,2002,99
119,Barbey,Hanny,bhanny3a@jiathis.com,Chrysler,Pacifica,2007,75
120,Chiquita,Andrivot,candrivot3b@miibeian.gov.cn,Mercedes-Benz,C-Class,2002,31
121,Shelly,Innott,sinnott3c@geocities.com,Plymouth,Voyager,1995,44
122,Benni,Lawlor,blawlor3d@yahoo.com,Maybach,62,2003,28
123,Celestyna,Marflitt,cmarflitt3e@cornell.edu,Suzuki,Sidekick,1989,90
124,Vania,Flavelle,vflavelle3f@people.com.cn,BMW,545,2005,11
125,Adrea,MacKomb,amackomb3g@washington.edu,Volkswagen,Cabriolet,1993,33
126,Jilly,Gillam,jgillam3h@symantec.com,Ford,F-Series Super Duty,2011,65
127,Lydie,Matijevic,lmatijevic3i@sogou.com,Mitsubishi,Pajero,1992,63
128,Harper,Lavrinov,hlavrinov3j@cnn.com,Volkswagen,Passat,2002,57
129,Cleve,Ziemens,cziemens3k@nps.gov,Dodge,Charger,2011,73
130,Roma,Courtois,rcourtois3l@tiny.cc,Chevrolet,Cobalt,2009,84
131,Darrel,Ivanisov,divanisov3m@topsy.com,Hyundai,Tiburon,2001,69
132,Marrilee,Norster,mnorster3n@hexun.com,Toyota,MR2,1993,68
133,Verena,Finney,vfinney3o@soup.io,Toyota,Tacoma Xtra,2000,37
134,Netti,Castelletto,ncastelletto3p@xing.com,Mitsubishi,3000GT,1995,33
135,Jon,Foss,jfoss3q@squarespace.com,Pontiac,Bonneville,1988,98
136,Alphonso,Stapford,astapford3r@twitpic.com,Dodge,Magnum,2005,56
137,Clarita,Franzotto,cfranzotto3s@ucla.edu,Ford,Escort,1986,33
138,Hewe,Armer,harmer3t@dailymail.co.uk,Honda,Accord,1993,13
139,Christabel,Portinari,cportinari3u@prnewswire.com,Suzuki,XL7,2007,42
140,Candida,Flahive,cflahive3v@nydailynews.com,Mercedes-Benz,CL-Class,2009,41
141,Amata,McQuillen,amcquillen3w@exblog.jp,Buick,Roadmaster,1995,5
142,Andrey,Jedras,ajedras3x@nature.com,Mercedes-Benz,S-Class,1998,31
143,Florella,Waycott,fwaycott3y@auda.org.au,Volvo,S40,2003,34
144,Phillipe,Narraway,pnarraway3z@netscape.com,Ford,F-Series,1985,42
145,Edeline,Baiyle,ebaiyle40@ovh.net,Acura,NSX,1993,8
146,Webster,Simoneau,wsimoneau41@baidu.com,Lamborghini,Diablo,1994,40
147,Garold,Greensted,ggreensted42@webnode.com,Lamborghini,Diablo,1990,81
148,Shell,Iacobini,siacobini43@hibu.com,Toyota,Camry Solara,2006,92
149,Neall,Gambrell,ngambrell44@odnoklassniki.ru,Nissan,Sentra,2010,79
150,Deny,Sherreard,dsherreard45@desdev.cn,Mercury,Grand Marquis,1990,17
151,Elia,Kuban,ekuban46@drupal.org,Chevrolet,Suburban 2500,2010,3
152,Howard,Clucas,hclucas47@fema.gov,Mitsubishi,Galant,2012,87
153,Edlin,Abbyss,eabbyss48@omniture.com,Mercury,Grand Marquis,1988,58
154,Duffy,McCook,dmccook49@ebay.com,Suzuki,Kizashi,2011,7
155,Ash,Hamsson,ahamsson4a@1und1.de,Mazda,RX-8,2004,29
156,Harrison,Trillow,htrillow4b@paypal.com,Lincoln,Town Car,1986,18
157,Byron,Wyllt,bwyllt4c@youtu.be,Dodge,Stealth,1994,14
158,Rosanne,Sterry,rsterry4d@va.gov,Chevrolet,Express 3500,1998,53
159,Roselin,Cessford,rcessford4e@squarespace.com,Ford,Econoline E250,1997,76
160,Timmie,Lowen,tlowen4f@msu.edu,Cadillac,SRX,2005,89
161,Theobald,Boat,tboat4g@marriott.com,Ford,Focus,2010,46
162,Quintina,Eykelhof,qeykelhof4h@goodreads.com,Volvo,V70,2006,71
163,Erie,Dehmel,edehmel4i@walmart.com,Kia,Carens,2007,77
164,Mickey,Sessuns,msessuns4j@mysql.com,Nissan,Quest,1993,96
165,Estell,Purkis,epurkis4k@foxnews.com,Saab,9-5,2005,87
166,Cherry,Selby,cselby4l@google.com.au,Dodge,Colt,1994,55
167,Wilmer,Gotthard.sf,wgotthardsf4m@archive.org,Land Rover,Freelander,2004,51
168,Kristofer,Corradi,kcorradi4n@rediff.com,Hummer,H1,1998,70
169,Graehme,Bentley,gbentley4o@state.tx.us,Mercedes-Benz,CL-Class,1998,49
170,Chiquia,Hutsby,chutsby4p@tamu.edu,Pontiac,Montana SV6,2006,32
171,Tristam,Benzies,tbenzies4q@amazon.de,Audi,RS6,2003,37
172,Anthony,Finnemore,afinnemore4r@deviantart.com,Chevrolet,Camaro,1979,11
173,Raphaela,Dabinett,rdabinett4s@imdb.com,Mercedes-Benz,E-Class,2004,27
174,Willyt,McTurley,wmcturley4t@unicef.org,Geo,Prizm,1993,56
175,Laina,Sievewright,lsievewright4u@upenn.edu,Chevrolet,Silverado 3500,2005,36
176,Babara,Shervil,bshervil4v@live.com,Acura,RL,2010,5
177,Phelia,Ibeson,pibeson4w@barnesandnoble.com,GMC,Sonoma,1997,17
178,Tally,Gary,tgary4x@hatena.ne.jp,Kia,Sorento,2012,38
179,Rickie,Amey,ramey4y@merriam-webster.com,Toyota,Tacoma Xtra,2002,76
180,Avril,Angear,aangear4z@sakura.ne.jp,Plymouth,Voyager,1999,41
181,Garrott,Nisby,gnisby50@state.tx.us,Nissan,Armada,2005,35
182,Tamiko,Chasteney,tchasteney51@delicious.com,Honda,Pilot,2006,49
183,Farah,Cliburn,fcliburn52@vinaora.com,Jaguar,XK Series,2002,64
184,Zachery,Bedbrough,zbedbrough53@github.io,Ford,Expedition,2007,27
185,Concettina,Payton,cpayton54@tamu.edu,Volkswagen,Passat,2004,71
186,Kacey,Spata,kspata55@techcrunch.com,Mercedes-Benz,SLR McLaren,2005,12
187,Ag,Ledbetter,aledbetter56@amazon.de,Subaru,Legacy,2003,69
188,Gweneth,Hillan,ghillan57@jigsy.com,Pontiac,Firebird,1999,99
189,Dru,Smallshaw,dsmallshaw58@dedecms.com,Volvo,S60,2001,35
190,Waldemar,de Courcey,wdecourcey59@google.co.jp,Buick,Century,1985,19
191,Ninnette,Dimmne,ndimmne5a@oracle.com,Buick,Rendezvous,2007,95
192,Tonnie,Coots,tcoots5b@slate.com,BMW,6 Series,2012,76
193,Madlin,Ewbanke,mewbanke5c@pen.io,Lincoln,Town Car,1993,28
194,Billi,Pask,bpask5d@smh.com.au,Mitsubishi,Pajero,1984,61
195,Marcela,Cowely,mcowely5e@constantcontact.com,Honda,Civic,1993,82
196,Taddeusz,Conan,tconan5f@about.com,Maserati,GranSport,2006,5
197,Arlen,Ivashinnikov,aivashinnikov5g@dagondesign.com,Infiniti,G35,2007,93
198,Phillis,Shrimplin,pshrimplin5h@weebly.com,Volkswagen,Eurovan,2002,78
199,Eldridge,Rowen,erowen5i@google.cn,Audi,S4,2001,46
200,Llywellyn,Roose,lroose5j@simplemachines.org,Suzuki,Verona,2006,59
201,Benson,Zaczek,bzaczek5k@about.com,Jaguar,XJ,2008,18
202,Kriste,Jollie,kjollie5l@zimbio.com,Ford,Econoline E250,1995,21
203,Shelley,Brian,sbrian5m@intel.com,Audi,S4,1992,22
204,Celeste,Brownhall,cbrownhall5n@salon.com,Kia,Rio,2012,75
205,Myriam,Byrnes,mbyrnes5o@bizjournals.com,Honda,Ridgeline,2009,85
206,Lida,Hebson,lhebson5p@bluehost.com,Ford,Aspire,1997,59
207,Lori,Louden,llouden5q@tinypic.com,Dodge,Avenger,1999,54
208,Florie,Glennon,fglennon5r@joomla.org,GMC,Sierra 2500,2005,69
209,Egor,Gladtbach,egladtbach5s@dell.com,BMW,3 Series,2001,79
210,Rivalee,Jimpson,rjimpson5t@eventbrite.com,Toyota,Venza,2012,71
211,Eydie,Laven,elaven5u@biglobe.ne.jp,Audi,Coupe Quattro,1991,56
212,Eugenie,Toleman,etoleman5v@nhs.uk,Audi,A8,2003,95
213,Reeva,Buntine,rbuntine5w@trellian.com,Pontiac,Bonneville,1989,95
214,Patty,Shenfisch,pshenfisch5x@furl.net,Toyota,Corolla,2009,45
215,Nil,Raffon,nraffon5y@cnbc.com,Land Rover,Discovery Series II,2001,69
216,Lenard,Biggans,lbiggans5z@flickr.com,Infiniti,QX,2011,45
217,Chiarra,Manchester,cmanchester60@nps.gov,Mazda,MX-5,1997,69
218,Marabel,Midner,mmidner61@cocolog-nifty.com,Pontiac,Vibe,2009,42
219,Tommy,Matthensen,tmatthensen62@phoca.cz,Maybach,57,2012,66
220,Kizzie,Yoskowitz,kyoskowitz63@buzzfeed.com,Volkswagen,Cabriolet,1990,43
221,Kordula,Cafferty,kcafferty64@nytimes.com,GMC,2500 Club Coupe,1992,64
222,Casper,Clohessy,cclohessy65@mail.ru,Cadillac,Escalade,2008,42
223,Louella,Pourvoieur,lpourvoieur66@360.cn,Mazda,626,1990,23
224,Barbara-anne,Attarge,battarge67@slideshare.net,Chevrolet,Lumina,1997,15
225,Orren,Carcas,ocarcas68@cocolog-nifty.com,Mercedes-Benz,SLK-Class,2001,8
226,Elbertine,McGinnell,emcginnell69@census.gov,Pontiac,Tempest,1966,2
227,Vita,Brumham,vbrumham6a@soup.io,Pontiac,Firebird,1997,3
228,Brant,Fero,bfero6b@nydailynews.com,Mercedes-Benz,S-Class,2003,51
229,Mady,Lapidus,mlapidus6c@princeton.edu,Mercedes-Benz,G-Class,2007,57
230,Adelind,Mowson,amowson6d@parallels.com,Audi,A4,2000,11
231,Faydra,Dallin,fdallin6e@mysql.com,Dodge,Spirit,1994,33
232,Wildon,Fortun,wfortun6f@tinypic.com,Mercury,Grand Marquis,2011,52
233,Cori,Riseam,criseam6g@seesaa.net,Land Rover,Discovery,2004,10
234,Alejandrina,Selley,aselley6h@imgur.com,Acura,TSX,2011,83
235,Addy,Middle,amiddle6i@indiegogo.com,Porsche,Boxster,2006,13
236,Reggie,York,ryork6j@jugem.jp,Chevrolet,Astro,2003,31
237,Arlina,Gaukrodge,agaukrodge6k@shutterfly.com,Chevrolet,Lumina,1992,44
238,Kitti,Sleight,ksleight6l@ihg.com,Chevrolet,Camaro,1981,82
239,Zerk,Avann,zavann6m@vinaora.com,Volkswagen,Eurovan,2001,64
240,Mollee,Ferfulle,mferfulle6n@digg.com,Ford,Thunderbird,2004,99
241,Artie,Pavett,apavett6o@berkeley.edu,Porsche,968,1995,53
242,Thorpe,Kubicki,tkubicki6p@blogtalkradio.com,Volkswagen,Corrado,1990,37
243,Jeana,Krinks,jkrinks6q@tinypic.com,Ford,F250,1995,46
244,Ludvig,Peeters,lpeeters6r@mlb.com,Hyundai,Elantra,1996,69
245,Leontine,Roath,lroath6s@moonfruit.com,GMC,Savana 3500,1997,41
246,Anett,Cubbit,acubbit6t@amazon.co.uk,Dodge,Dakota Club,2006,54
247,Shirl,Zannetti,szannetti6u@cafepress.com,Mercedes-Benz,SL-Class,2000,9
248,Barr,Molan,bmolan6v@baidu.com,Honda,Prelude,1995,91
249,Pavia,Reignolds,preignolds6w@craigslist.org,Mercedes-Benz,S-Class,1991,37
250,Bryna,Swaine,bswaine6x@1688.com,Hyundai,Santa Fe,2003,36
251,Frank,Anscott,fanscott6y@zdnet.com,Dodge,Charger,2010,88
252,Gracia,Dreus,gdreus6z@google.ru,Porsche,944,1988,90
253,Allister,Biasetti,abiasetti70@seattletimes.com,Lexus,LS,1994,15
254,Bobina,Sparey,bsparey71@arstechnica.com,Pontiac,Firebird,1992,99
255,Jaimie,Wringe,jwringe72@nhs.uk,Volkswagen,Fox,1989,23
256,Nikita,Dampney,ndampney73@chronoengine.com,Ford,Fairlane,1965,12
257,Sherlocke,Montfort,smontfort74@huffingtonpost.com,Cadillac,Fleetwood,1996,9
258,Linnet,Hebdon,lhebdon75@paginegialle.it,Suzuki,Esteem,1997,5
259,Seana,Roots,sroots76@cnet.com,Jaguar,XJ,2012,59
260,Emmalyn,Ormrod,eormrod77@cnn.com,Volvo,960,1993,30
261,Cam,Czajkowski,cczajkowski78@businesswire.com,Ford,Thunderbird,2003,82
262,Brewster,Gregoratti,bgregoratti79@sciencedaily.com,Isuzu,Rodeo,1994,27
263,Innis,MacTrustrie,imactrustrie7a@homestead.com,Ford,Explorer Sport Trac,2010,51
264,Kerstin,Izhak,kizhak7b@noaa.gov,Pontiac,Firebird,1997,98
265,Sher,Fahrenbach,sfahrenbach7c@domainmarket.com,Ford,Fusion,2010,5
266,Bartolomeo,Doneld,bdoneld7d@blog.com,Daihatsu,Charade,1992,94
267,Jemie,Woodberry,jwoodberry7e@csmonitor.com,BMW,600,1958,49
268,Rodolph,Cogdell,rcogdell7f@newsvine.com,Chevrolet,Silverado 3500,2012,47
269,Granville,Heddy,gheddy7g@hatena.ne.jp,Oldsmobile,Alero,2001,39
270,Marita,Agus,magus7h@thetimes.co.uk,Isuzu,Space,1992,82
271,Reese,Gloster,rgloster7i@forbes.com,Lexus,GS,2011,1
272,Cory,Dosdell,cdosdell7j@seesaa.net,Mitsubishi,Outlander,2012,15
273,Brian,Grundwater,bgrundwater7k@dyndns.org,Chevrolet,Malibu,2008,22
274,Haley,Summerside,hsummerside7l@domainmarket.com,Toyota,Previa,1991,26
275,Felix,Conville,fconville7m@reddit.com,Ford,Aspire,1995,84
276,Hurlee,Haffenden,hhaffenden7n@cnn.com,Dodge,Stratus,2003,20
277,Ernestus,Press,epress7o@cnbc.com,Pontiac,Grand Prix,2008,23
278,Berne,Gott,bgott7p@1und1.de,Pontiac,Grand Prix Turbo,1990,93
279,Rutledge,Sellick,rsellick7q@walmart.com,Audi,riolet,1997,58
280,Kore,Gooley,kgooley7r@wisc.edu,Infiniti,FX,2005,21
281,Nell,Iacopo,niacopo7s@macromedia.com,BMW,M3,2005,47
282,Veronike,Rea,vrea7t@360.cn,Toyota,Camry Solara,2007,54
283,Tally,Meace,tmeace7u@huffingtonpost.com,Volkswagen,Eurovan,1994,55
284,James,Van der Kruys,jvanderkruys7v@ucla.edu,Ford,Econoline E350,2002,75
285,Brandyn,Firby,bfirby7w@java.com,Mercedes-Benz,S-Class,2011,1
286,Brinn,Bottlestone,bbottlestone7x@taobao.com,GMC,Savana 1500,1997,14
287,Harmon,Cayet,hcayet7y@comcast.net,Toyota,Camry,2009,32
288,Delmore,Greneham,dgreneham7z@google.fr,Mercedes-Benz,CL-Class,2001,34
289,Babs,McLaine,bmclaine80@pinterest.com,Chevrolet,Blazer,1996,99
290,Lucilia,Lynnett,llynnett81@irs.gov,Chrysler,Town & Country,1998,25
291,Philippa,Bartlett,pbartlett82@discovery.com,Chevrolet,Astro,2001,54
292,Fielding,Onion,fonion83@1und1.de,Mercury,Villager,1997,90
293,Marve,O'Loughane,moloughane84@fastcompany.com,Isuzu,Ascender,2008,64
294,Hewe,Linzee,hlinzee85@tripod.com,Isuzu,Trooper,1998,66
295,Jaquenetta,Waleworke,jwaleworke86@washingtonpost.com,Lotus,Esprit,1997,11
296,Ula,Wildsmith,uwildsmith87@bbc.co.uk,Infiniti,Q,2006,46
297,Denver,Coursor,dcoursor88@forbes.com,Mercedes-Benz,SLS AMG,2012,19
298,Dulce,McCaughey,dmccaughey89@xing.com,Ford,Transit Connect,2010,53
299,Casey,Cranston,ccranston8a@livejournal.com,Mercedes-Benz,C-Class,2003,19
300,Inessa,Eastabrook,ieastabrook8b@indiatimes.com,GMC,Yukon,2002,25
301,Miguela,Fromant,mfromant8c@whitehouse.gov,Lexus,SC,2000,86
302,Katy,Waggitt,kwaggitt8d@vimeo.com,GMC,Savana 2500,2000,73
303,Hall,Kondratyuk,hkondratyuk8e@spotify.com,Oldsmobile,Bravada,1994,66
304,Yardley,Beedom,ybeedom8f@tripod.com,Ford,E250,2003,70
305,Ranee,Morch,rmorch8g@elpais.com,Volkswagen,Golf,1986,9
306,Hastie,Broome,hbroome8h@multiply.com,Jaguar,XK Series,2000,7
307,Lilly,Roll,lroll8i@flickr.com,Mitsubishi,Starion,1984,62
308,Bogart,Rosetti,brosetti8j@ask.com,Ford,Probe,1994,30
309,Felita,Rheubottom,frheubottom8k@imageshack.us,Ford,Bronco,1996,75
310,Kane,Lambin,klambin8l@washington.edu,Dodge,Avenger,2008,75
311,Janeczka,Prattin,jprattin8m@gizmodo.com,Dodge,Caravan,1999,84
312,Sinclair,Sollom,ssollom8n@pcworld.com,Dodge,Ram 1500,2000,60
313,Zaria,Lenaghen,zlenaghen8o@yandex.ru,Pontiac,GTO,1965,29
314,Weylin,Whyberd,wwhyberd8p@wikimedia.org,Bentley,Continental Flying Spur,2009,34
315,Alissa,Van der Spohr,avanderspohr8q@sciencedaily.com,Volvo,S40,2004,12
316,Gusti,Newdick,gnewdick8r@cloudflare.com,Audi,S6,2009,94
317,Rabi,Baptist,rbaptist8s@goo.gl,Volkswagen,rio,2002,47
318,Margarette,Fuente,mfuente8t@admin.ch,Pontiac,LeMans,1968,96
319,Angeline,Soppeth,asoppeth8u@berkeley.edu,Dodge,Stratus,1999,8
320,Del,Hendrickx,dhendrickx8v@cargocollective.com,Ford,Crown Victoria,2002,29
321,Mikael,Stollen,mstollen8w@ebay.co.uk,Oldsmobile,Silhouette,1992,81
322,Rob,Webb-Bowen,rwebbbowen8x@domainmarket.com,Buick,Coachbuilder,1992,71
323,Felix,Derry,fderry8y@craigslist.org,Kia,Amanti,2006,83
324,Dino,Andriolli,dandriolli8z@wired.com,Pontiac,Bonneville,1984,28
325,Idalia,Eberts,ieberts90@nytimes.com,Lexus,GS,1995,1
326,Trudey,Blacksell,tblacksell91@google.es,Nissan,Pathfinder,2010,33
327,Kiah,Corran,kcorran92@infoseek.co.jp,Lincoln,LS,2003,59
328,Avigdor,Ivanyushkin,aivanyushkin93@wufoo.com,Audi,100,1989,21
329,Kelwin,Armstead,karmstead94@loc.gov,Nissan,Murano,2006,20
330,Rolando,Burras,rburras95@amazon.com,Hyundai,Entourage,2007,42
331,Candice,Supple,csupple96@ihg.com,BMW,X5,2008,33
332,Randolph,McArley,rmcarley97@seattletimes.com,Chevrolet,Express 1500,2004,98
333,Nesta,Braffington,nbraffington98@google.fr,Mitsubishi,Cordia,1985,64
334,Sunny,Janczak,sjanczak99@howstuffworks.com,Volkswagen,Cabriolet,1999,52
335,Terry,Esche,tesche9a@dropbox.com,Mazda,CX-7,2010,27
336,Allene,Hilley,ahilley9b@amazon.com,Honda,Insight,2012,42
337,Isidora,Dinse,idinse9c@bloglines.com,Ford,Focus,2013,67
338,Deina,Vernham,dvernham9d@ucsd.edu,Acura,TL,1998,4
339,Mahalia,Arrighetti,marrighetti9e@technorati.com,Honda,Ridgeline,2011,86
340,Link,Laban,llaban9f@soup.io,Toyota,T100,1996,2
341,Elfrieda,Flea,eflea9g@amazon.co.jp,Dodge,Charger,2010,51
342,Wain,Molan,wmolan9h@theglobeandmail.com,Mercury,Sable,1987,35
343,Artus,Prodrick,aprodrick9i@tiny.cc,Mercury,Mystique,2000,100
344,Corney,Winterbottom,cwinterbottom9j@theguardian.com,Ford,Tempo,1990,12
345,Tremain,Penwright,tpenwright9k@rediff.com,Dodge,Ram Wagon B150,1992,44
346,Bertie,Cunrado,bcunrado9l@skyrock.com,Chevrolet,S10,2004,81
347,Daffi,Schwaiger,dschwaiger9m@angelfire.com,GMC,Sierra 3500,2001,83
348,Herta,Paylor,hpaylor9n@linkedin.com,Dodge,Ram Wagon B250,1992,44
349,Anselm,MacAnespie,amacanespie9o@springer.com,Chrysler,300M,2002,64
350,Jemmie,O'Regan,joregan9p@etsy.com,Subaru,Impreza,2005,37
351,Adolph,Featherstone,afeatherstone9q@auda.org.au,Chevrolet,Camaro,1976,83
352,Saloma,Wanell,swanell9r@sina.com.cn,Lexus,LS,1991,54
353,Rikki,Haggarty,rhaggarty9s@yellowbook.com,Suzuki,Samurai,1992,96
354,Doloritas,Peppard,dpeppard9t@jalbum.net,Mercedes-Benz,CLK-Class,2000,81
355,Ermentrude,Nutkins,enutkins9u@rakuten.co.jp,GMC,Safari,1994,24
356,Alys,Blanden,ablanden9v@xinhuanet.com,Volvo,V50,2009,10
357,Vikki,Bispo,vbispo9w@sciencedirect.com,Lexus,RX,2004,26
358,Mathian,Messitt,mmessitt9x@instagram.com,Dodge,D150 Club,1993,61
359,Alvie,Olifaunt,aolifaunt9y@nifty.com,Infiniti,I,2000,43
360,Budd,Benzies,bbenzies9z@imgur.com,Acura,MDX,2008,2
361,Karalee,Beeton,kbeetona0@barnesandnoble.com,Ford,Transit Connect,2011,15
362,Minda,Tomasello,mtomaselloa1@cbc.ca,Ford,E150,2012,73
363,Iorgos,McGarrity,imcgarritya2@hostgator.com,Chevrolet,Express 2500,2004,73
364,Darice,Guillem,dguillema3@weibo.com,Volvo,XC90,2013,28
365,Janel,Glynn,jglynna4@google.de,Geo,Metro,1996,76
366,Maryl,Mackley,mmackleya5@feedburner.com,Dodge,Ram Van 1500,1998,72
367,Lawton,Edden,leddena6@answers.com,Mercedes-Benz,SLK-Class,2011,52
368,Frannie,Joscelyne,fjoscelynea7@howstuffworks.com,Cadillac,Escalade,2012,32
369,Johna,Cutten,jcuttena8@samsung.com,Chevrolet,G-Series G30,1993,63
370,Noell,Danielski,ndanielskia9@csmonitor.com,Subaru,Forester,2004,92
371,Red,Klulik,rklulikaa@homestead.com,Hyundai,Tiburon,2006,9
372,Astrix,Boards,aboardsab@ftc.gov,Mercedes-Benz,SLK-Class,2011,35
373,Iorgo,Radden,iraddenac@woothemes.com,Audi,Allroad,2002,23
374,Deanna,Chatres,dchatresad@angelfire.com,Mercedes-Benz,Sprinter 3500,2011,37
375,Marta,Gaynesford,mgaynesfordae@businessinsider.com,Buick,Skylark,1998,81
376,Roi,Kassel,rkasselaf@salon.com,Volkswagen,Jetta,1996,7
377,Mersey,Titley,mtitleyag@ucoz.ru,Ford,F-Series,1989,5
378,Katti,Grolmann,kgrolmannah@ihg.com,Volkswagen,Golf,2011,38
379,Debra,Wellington,dwellingtonai@globo.com,Ford,Mustang,2006,77
380,Corie,Mays,cmaysaj@netscape.com,Dodge,Ram Van 2500,2000,70
381,Umeko,Lynn,ulynnak@ifeng.com,Volkswagen,GTI,1999,29
382,Teador,Darley,tdarleyal@usa.gov,Volkswagen,GTI,1988,51
383,Cristian,Killich,ckillicham@shutterfly.com,GMC,Sierra 3500,2008,2
384,Zacharie,Bazoge,zbazogean@skyrock.com,Toyota,Camry,1996,9
385,Rachelle,Landell,rlandellao@naver.com,Rolls-Royce,Phantom,2009,10
386,Neale,Gianettini,ngianettiniap@army.mil,Buick,Century,1996,90
387,Galvan,Merriman,gmerrimanaq@shutterfly.com,Mitsubishi,Outlander,2005,49
388,Helaina,Robelow,hrobelowar@sitemeter.com,GMC,Safari,1992,63
389,Amalita,Girling,agirlingas@google.com.hk,Cadillac,DeVille,2004,59
390,Lorne,Sivyour,lsivyourat@hud.gov,Mercedes-Benz,SL-Class,2012,19
391,Korrie,Paradyce,kparadyceau@google.com.hk,Volkswagen,Cabriolet,1992,28
392,Frederigo,Beauvais,fbeauvaisav@huffingtonpost.com,Dodge,Dakota Club,1997,78
393,Rickert,McLugaish,rmclugaishaw@home.pl,Toyota,Land Cruiser,1999,80
394,Mariam,Hatwell,mhatwellax@hhs.gov,GMC,Yukon XL 1500,2005,89
395,Amitie,Everitt,aeverittay@independent.co.uk,Toyota,Sequoia,2004,21
396,Judie,Ruslen,jruslenaz@paginegialle.it,Isuzu,Space,1992,80
397,Yale,Dummer,ydummerb0@vimeo.com,Kia,Optima,2008,59
398,James,Craighill,jcraighillb1@china.com.cn,Volvo,C70,2007,58
399,Imojean,Busfield,ibusfieldb2@exblog.jp,Lexus,LX,2001,78
400,Fraser,Howchin,fhowchinb3@patch.com,Saab,9-4X,2011,15
401,Coop,Dunkerton,cdunkertonb4@ox.ac.uk,Dodge,Ram 1500,2004,89
402,Earlie,Wellfare,ewellfareb5@bbb.org,GMC,Vandura 2500,1994,55
403,Sileas,Choules,schoulesb6@multiply.com,Volkswagen,riolet,1992,70
404,Georgie,Waliszewski,gwaliszewskib7@reference.com,Ford,F-Series Super Duty,2008,59
405,Perry,Corthes,pcorthesb8@discovery.com,Cadillac,Escalade,2009,32
406,Angelita,Rosenqvist,arosenqvistb9@lycos.com,Porsche,911,1995,18
407,Marleen,Kayne,mkayneba@tuttocitta.it,Isuzu,Hombre,1999,79
408,Christel,Seson,csesonbb@nationalgeographic.com,Pontiac,Bonneville,2005,77
409,Kelly,Strewther,kstrewtherbc@abc.net.au,Cadillac,Sixty Special,1993,5
410,Camellia,Biasioli,cbiasiolibd@mozilla.com,Audi,A6,2004,23
411,Mechelle,Fronek,mfronekbe@pagesperso-orange.fr,Chevrolet,Silverado 2500,2003,60
412,Rolando,King,rkingbf@nymag.com,Toyota,Celica,2002,41
413,Peg,Harrald,pharraldbg@sbwire.com,Volkswagen,Golf,2005,16
414,Gisele,Pollack,gpollackbh@state.tx.us,Plymouth,Colt,1993,3
415,Forest,Vanichkin,fvanichkinbi@icq.com,Kia,Sportage,2005,98
416,Almira,McQuillin,amcquillinbj@gnu.org,Hyundai,Tiburon,2001,62
417,Neel,Gamble,ngamblebk@slideshare.net,Mitsubishi,Mirage,2002,92
418,Alfie,Valler,avallerbl@yellowbook.com,Chevrolet,Malibu,2001,40
419,Gladys,Glazzard,gglazzardbm@shutterfly.com,Ford,Taurus,1991,43
420,Bobbie,Gledhall,bgledhallbn@mtv.com,Dodge,Challenger,2008,41
421,Caren,Weadick,cweadickbo@geocities.jp,Pontiac,Turbo Firefly,1988,31
422,Oliviero,Jelly,ojellybp@webnode.com,Porsche,928,1986,39
423,Alethea,Booty,abootybq@fastcompany.com,Toyota,Avalon,1997,33
424,Filide,Clewlowe,fclewlowebr@loc.gov,Acura,Legend,1992,36
425,Stace,Yu,syubs@sun.com,Ford,Mustang,1987,28
426,Retha,Gobel,rgobelbt@imgur.com,Volkswagen,Touareg 2,2008,92
427,Micky,Devigne,mdevignebu@sitemeter.com,Scion,tC,2011,47
428,Anna-diane,Skillett,askillettbv@accuweather.com,Oldsmobile,LSS,1997,56
429,Quinta,Bottby,qbottbybw@bloomberg.com,Pontiac,Trans Sport,1994,47
430,Stefa,Turner,sturnerbx@smugmug.com,Ford,Explorer,2006,51
431,Gene,Aitkin,gaitkinby@apple.com,Dodge,Ram 2500,2006,67
432,Myrtice,Hargraves,mhargravesbz@cnet.com,Nissan,Pathfinder,2006,86
433,Godiva,Gerardet,ggerardetc0@census.gov,Ford,EXP,1987,16
434,Cori,Giacaponi,cgiacaponic1@comsenz.com,Porsche,944,1991,79
435,Pegeen,Dikes,pdikesc2@berkeley.edu,Dodge,Viper,1996,78
436,Walton,Gallone,wgallonec3@prlog.org,Chevrolet,Camaro,1967,92
437,Rudiger,Bothbie,rbothbiec4@accuweather.com,Subaru,Forester,2009,22
438,Waldon,Inott,winottc5@google.com,Volkswagen,Tiguan,2009,89
439,Elfie,Tudge,etudgec6@bizjournals.com,GMC,1500 Club Coupe,1997,22
440,Tedda,Dundredge,tdundredgec7@wikispaces.com,Aston Martin,Vantage,2009,48
441,Brigit,Banthorpe,bbanthorpec8@slate.com,Dodge,Ram Van 3500,2001,26
442,Nathanil,Kingshott,nkingshottc9@about.me,Volkswagen,rio,2001,40
443,Jody,Corbyn,jcorbynca@time.com,Toyota,Sienna,2003,84
444,Monte,Accombe,maccombecb@smh.com.au,Dodge,Intrepid,1995,38
445,Clair,Edgin,cedgincc@tripadvisor.com,Mercury,Topaz,1987,32
446,Sigfrid,Elecum,selecumcd@ox.ac.uk,Chrysler,Concorde,1993,95
447,Joseito,Crippes,jcrippesce@scribd.com,Jaguar,XJ Series,1999,21
448,Cirilo,Roughley,croughleycf@google.com.au,MINI,Cooper Countryman,2012,95
449,Broderic,Feron,bferoncg@homestead.com,Honda,Odyssey,1996,27
450,Ros,Touhig,rtouhigch@baidu.com,Toyota,MR2,2005,53
451,Marley,Sparry,msparryci@multiply.com,Pontiac,Safari,1987,83
452,Carny,Brosio,cbrosiocj@netlog.com,Honda,S2000,2006,60
453,Charmane,Eirwin,ceirwinck@ftc.gov,Jaguar,S-Type,2008,69
454,Kynthia,Druhan,kdruhancl@nasa.gov,Chevrolet,Aveo,2005,52
455,Georgi,Ingleston,ginglestoncm@de.vu,GMC,Suburban 2500,1997,79
456,Ilaire,Cregin,icregincn@woothemes.com,Chevrolet,1500,1997,6
457,Christabella,Langshaw,clangshawco@tinypic.com,Volvo,XC60,2009,69
458,Marga,Drain,mdraincp@pen.io,Toyota,Avalon,2001,81
459,Ken,Strathdee,kstrathdeecq@blinklist.com,Pontiac,Firebird,2002,11
460,Druci,Byrch,dbyrchcr@github.io,Ford,Freestar,2005,75
461,Lolita,Paybody,lpaybodycs@comcast.net,Hyundai,Tucson,2011,72
462,Abdul,Ebbett,aebbettct@shop-pro.jp,Volvo,S40,2010,94
463,Cordula,Southby,csouthbycu@creativecommons.org,Toyota,4Runner,2001,69
464,Derrik,De Few,ddefewcv@loc.gov,Chevrolet,Corvette,1964,20
465,Marcelline,Smieton,msmietoncw@godaddy.com,Volkswagen,Cabriolet,2001,27
466,Tabor,Stagge,tstaggecx@apple.com,Audi,A8,2010,19
467,Jonis,Cosham,jcoshamcy@ucla.edu,Ford,Mustang,1987,52
468,Constantina,Hollingshead,chollingsheadcz@moonfruit.com,Hyundai,Tiburon,2003,67
469,Theadora,Wheater,twheaterd0@boston.com,Mitsubishi,Excel,1988,42
470,Nessa,Macenzy,nmacenzyd1@dell.com,BMW,M Roadster,2007,94
471,Gerianna,Albisser,galbisserd2@cornell.edu,Saturn,Outlook,2010,3
472,Melania,Redholls,mredhollsd3@ehow.com,Mercedes-Benz,GLK-Class,2012,58
473,Charita,Kleinstein,ckleinsteind4@google.ca,BMW,3 Series,2007,65
474,Thurston,Kaysor,tkaysord5@stumbleupon.com,Volvo,XC70,2005,63
475,Pia,Gladhill,pgladhilld6@timesonline.co.uk,BMW,M3,2005,44
476,Peggy,Beardsall,pbeardsalld7@photobucket.com,Maserati,GranTurismo,2012,77
477,Alison,Dewan,adewand8@taobao.com,Volkswagen,Passat,2008,49
478,Timmie,Pesterfield,tpesterfieldd9@umn.edu,Land Rover,Defender,1994,28
479,Merle,Planks,mplanksda@studiopress.com,Honda,Pilot,2006,66
480,Mercy,Glazier,mglazierdb@google.com.hk,GMC,Vandura 1500,1994,98
481,Janeen,O'Shee,josheedc@rambler.ru,Mercury,Milan,2006,38
482,Marla,Siaspinski,msiaspinskidd@smh.com.au,BMW,7 Series,2001,4
483,Saw,Zywicki,szywickide@independent.co.uk,Saab,9000,1994,32
484,Bucky,Bondy,bbondydf@xinhuanet.com,Lexus,LX,2001,100
485,Jorey,Stollsteiner,jstollsteinerdg@addthis.com,Hummer,H2,2005,70
486,Karrie,Jedraszczyk,kjedraszczykdh@technorati.com,Lamborghini,Murciélago,2004,23
487,Alia,Hofler,ahoflerdi@qq.com,Dodge,Dakota Club,2002,3
488,Neville,Barnsdall,nbarnsdalldj@g.co,Lamborghini,Diablo,1996,33
489,Agathe,Prandy,aprandydk@blogtalkradio.com,BMW,Z3,2000,28
490,Ingunna,Berringer,iberringerdl@europa.eu,Mitsubishi,GTO,1998,83
491,Stephani,Mantripp,smantrippdm@vkontakte.ru,Ford,F-Series Super Duty,2010,38
492,Elihu,Ingall,eingalldn@ask.com,Hyundai,Azera,2006,14
493,Lynea,McMechan,lmcmechando@nydailynews.com,Audi,A5,2010,55
494,Daryle,Byer,dbyerdp@ibm.com,Infiniti,Q,1995,13
495,Flo,Rowledge,frowledgedq@nature.com,BMW,M3,2008,87
496,Heidi,Mussared,hmussareddr@archive.org,Audi,A6,1997,4
497,Olin,Coope,ocoopeds@wufoo.com,Mazda,MX-6,1990,79
498,Olivier,O'Breen,oobreendt@infoseek.co.jp,Ford,E150,2006,7
499,Donetta,Fantham,dfanthamdu@twitpic.com,Saturn,L-Series,2004,12
500,Marlow,Selliman,msellimandv@marketwatch.com,Chevrolet,2500,1998,71
501,Rani,Riteley,rriteleydw@bbc.co.uk,Toyota,4Runner,2011,36
502,Dino,Lewer,dlewerdx@unc.edu,GMC,Sierra 2500,2005,50
503,Alyse,Angear,aangeardy@yellowpages.com,Mitsubishi,Montero Sport,1998,20
504,Jackqueline,Dellar,jdellardz@foxnews.com,Honda,Accord,1987,63
505,Midge,Boake,mboakee0@va.gov,Dodge,Charger,1968,65
506,Gipsy,Dumphrey,gdumphreye1@joomla.org,Chevrolet,Corvette,2011,64
507,Juliann,Samber,jsambere2@cyberchimps.com,Mercury,Capri,1994,94
508,Nadiya,Macvey,nmacveye3@tripod.com,Dodge,Ram Van B350,1992,10
509,Pacorro,O'Regan,poregane4@last.fm,Chevrolet,G-Series 3500,1997,64
510,Andie,Pell,apelle5@samsung.com,Volkswagen,Passat,2003,10
511,Jody,Mapes,jmapese6@mapquest.com,Honda,Fit,2010,85
512,Yulma,Emmines,yemminese7@ox.ac.uk,Mazda,RX-7,1985,55
513,Stillmann,Coope,scoopee8@addtoany.com,Mitsubishi,Cordia,1984,65
514,Heath,Burel,hburele9@blog.com,Lincoln,Town Car,1996,46
515,Chris,Wooller,cwoollerea@chronoengine.com,Toyota,Prius,2011,16
516,Tiphani,Riding,tridingeb@diigo.com,Audi,S5,2009,83
517,Thayne,Caldeyroux,tcaldeyrouxec@wikipedia.org,Mitsubishi,Montero,2004,19
518,Kim,Pendlington,kpendlingtoned@alibaba.com,Toyota,T100,1996,93
519,Stanleigh,Nornable,snornableee@guardian.co.uk,Honda,Accord,2002,10
520,Janella,Castle,jcastleef@google.nl,Bentley,Continental GT,2012,23
521,Fina,Trenoweth,ftrenowetheg@noaa.gov,Dodge,Durango,2008,88
522,Vladimir,Pedroli,vpedrolieh@seesaa.net,Buick,Rainier,2006,39
523,Shannon,O'Keevan,sokeevanei@jigsy.com,Ford,Taurus,2005,98
524,Corliss,Groocock,cgroocockej@clickbank.net,Honda,Prelude,1984,70
525,Dedra,Peckett,dpeckettek@dailymotion.com,Ford,Fairlane,1967,92
526,Morry,Lanchberry,mlanchberryel@4shared.com,BMW,3 Series,2003,18
527,Fulvia,Weatherhill,fweatherhillem@narod.ru,Mitsubishi,Endeavor,2009,63
528,Parker,Filintsev,pfilintseven@cisco.com,Eagle,Vision,1994,54
529,Deirdre,Brocklebank,dbrocklebankeo@amazonaws.com,GMC,Suburban 1500,1999,85
530,Lilah,Mullinger,lmullingerep@ft.com,Dodge,Durango,1998,58
531,Jorie,Woolerton,jwoolertoneq@ebay.com,Buick,Electra,1988,28
532,Claude,Weston,cwestoner@technorati.com,Mercedes-Benz,500SEC,1993,94
533,Crissy,McKain,cmckaines@alibaba.com,Mitsubishi,Pajero,2002,46
534,Dareen,O'Lennane,dolennaneet@wikia.com,Mercedes-Benz,CLS-Class,2006,95
535,Viola,Jeffs,vjeffseu@vk.com,Audi,TT,2005,27
536,Beryle,Cahillane,bcahillaneev@bizjournals.com,Toyota,Land Cruiser,2004,52
537,Nedi,Ginsie,nginsieew@sfgate.com,Cadillac,STS,2007,65
538,Jillane,Heake,jheakeex@com.com,Ford,Probe,1991,42
539,Thatcher,Chaloner,tchalonerey@wikia.com,Mercedes-Benz,CLS-Class,2009,62
540,Sharyl,Crallan,scrallanez@npr.org,Toyota,Land Cruiser,2009,7
541,Becca,Roskilly,broskillyf0@sitemeter.com,Subaru,Outback,2001,24
542,Gerrilee,Luxen,gluxenf1@diigo.com,Hyundai,Genesis,2011,17
543,Erie,Ibeson,eibesonf2@mapquest.com,Lexus,ES,1991,20
544,Tabina,Date,tdatef3@eventbrite.com,Volkswagen,CC,2011,82
545,Rodolfo,Matteo,rmatteof4@geocities.jp,Mazda,Mazdaspeed 3,2008,58
546,Flor,Pressnell,fpressnellf5@yelp.com,GMC,Suburban 1500,1993,9
547,Marie-jeanne,MacGillicuddy,mmacgillicuddyf6@sitemeter.com,Lincoln,Town Car,2009,92
548,Sissy,Kay,skayf7@weather.com,Subaru,Legacy,1999,100
549,Griffy,Boase,gboasef8@cisco.com,Volkswagen,Touareg,2006,89
550,Alisander,Craigs,acraigsf9@ca.gov,Volkswagen,Touareg,2005,63
551,Catlin,Duchasteau,cduchasteaufa@hao123.com,Lexus,SC,1994,33
552,Constantia,Loble,cloblefb@disqus.com,Lexus,GX,2009,90
553,Findlay,Whitrod,fwhitrodfc@bloglovin.com,Dodge,Ram 2500,2002,32
554,Moore,Cobelli,mcobellifd@altervista.org,Mazda,RX-7,1984,67
555,Grayce,Constantine,gconstantinefe@archive.org,Toyota,RAV4,1999,51
556,Carmen,Oddey,coddeyff@gmpg.org,Pontiac,Bonneville,1999,48
557,Cedric,MacClenan,cmacclenanfg@google.com,Lincoln,Navigator,2005,2
558,Natividad,Brayford,nbrayfordfh@trellian.com,Aston Martin,DB9,2012,2
559,Cornall,Esberger,cesbergerfi@dmoz.org,Volkswagen,Cabriolet,1999,14
560,Ruthe,Webburn,rwebburnfj@intel.com,Cadillac,Escalade EXT,2008,33
561,Trista,Naton,tnatonfk@unicef.org,Chevrolet,Express 3500,2007,57
562,Banky,Vardie,bvardiefl@com.com,Mercury,Villager,1997,75
563,Ferris,Jansens,fjansensfm@spotify.com,Chevrolet,Aveo,2004,50
564,Marilin,Proppers,mproppersfn@hp.com,Chevrolet,Colorado,2012,15
565,Trina,Gliddon,tgliddonfo@biglobe.ne.jp,Nissan,350Z Roadster,2006,98
566,Lynnette,Uttermare,luttermarefp@wired.com,Nissan,Titan,2004,62
567,Cleo,Petken,cpetkenfq@cornell.edu,Nissan,Quest,1994,97
568,Noelani,Lenglet,nlengletfr@linkedin.com,Chevrolet,Camaro,1967,32
569,Lilas,Kefford,lkeffordfs@google.ru,Volkswagen,GTI,1985,40
570,Ainslee,Goade,agoadeft@shutterfly.com,Lincoln,Continental Mark VII,1988,25
571,Sara-ann,Hawksworth,shawksworthfu@goo.gl,Pontiac,Grand Prix,1971,51
572,Rebe,Mueller,rmuellerfv@php.net,Ford,Taurus,2000,23
573,Irwin,Hellmore,ihellmorefw@macromedia.com,Volvo,V50,2008,57
574,Lucretia,Cowderay,lcowderayfx@imgur.com,Jeep,Compass,2009,71
575,Bernetta,Sedgeman,bsedgemanfy@ted.com,Ford,Expedition EL,2010,27
576,Del,Devonport,ddevonportfz@hud.gov,Toyota,Tundra,2001,82
577,Cicely,Lakenton,clakentong0@wikia.com,Acura,SLX,1999,100
578,Wendi,Burgum,wburgumg1@163.com,Buick,Regal,1998,28
579,Randi,Klais,rklaisg2@umn.edu,GMC,Yukon,2008,78
580,Dev,Beaulieu,dbeaulieug3@themeforest.net,Hyundai,Accent,2007,8
581,Davidson,Decent,ddecentg4@live.com,Chevrolet,Suburban,2011,27
582,Grissel,Breyt,gbreytg5@google.it,Audi,A6,2000,51
583,Janina,Kmicicki,jkmicickig6@ucoz.com,Ford,Five Hundred,2007,78
584,Linnie,Pedrozzi,lpedrozzig7@joomla.org,Ford,Escape,2012,37
585,Drugi,Brobyn,dbrobyng8@twitpic.com,Porsche,928,1985,71
586,Franchot,Lasham,flashamg9@chronoengine.com,Mazda,B-Series Plus,2003,48
587,Joela,Rekes,jrekesga@geocities.jp,Ford,Falcon,1966,53
588,Brittne,Sprigg,bsprigggb@goodreads.com,Infiniti,I,2004,100
589,Alessandro,Bushell,abushellgc@gizmodo.com,Audi,80,1991,11
590,Stephani,Docharty,sdochartygd@technorati.com,Mercury,Capri,1993,86
591,Alberik,Lufkin,alufkinge@networkadvertising.org,Lincoln,Town Car,1986,46
592,Lorry,Pyrke,lpyrkegf@ameblo.jp,Audi,80,1990,20
593,Martin,Radolf,mradolfgg@soup.io,Acura,Legend,1987,70
594,Vassily,Fettis,vfettisgh@utexas.edu,Buick,Skyhawk,1986,83
595,Gregoire,Bretherton,gbrethertongi@istockphoto.com,Acura,TL,2006,97
596,Lon,MacClay,lmacclaygj@discovery.com,Lexus,RX,2003,49
597,Vivia,Frostdick,vfrostdickgk@amazon.com,Lexus,LX,2006,96
598,Ginnie,Gritskov,ggritskovgl@qq.com,BMW,Z8,2001,25
599,Twila,Brew,tbrewgm@globo.com,GMC,Acadia,2007,42
600,Delmer,Coyle,dcoylegn@behance.net,Mazda,Mazda6,2012,32
601,Susanetta,Dunlop,sdunlopgo@msn.com,Audi,riolet,1996,65
602,Horatius,Burnell,hburnellgp@upenn.edu,Honda,Civic,1991,35
603,Berton,Leathers,bleathersgq@ezinearticles.com,Isuzu,Rodeo,1998,40
604,Tommie,Blankley,tblankleygr@clickbank.net,Infiniti,G37,2011,70
605,Courtenay,Gyford,cgyfordgs@privacy.gov.au,Mazda,Familia,1986,82
606,Byram,Coombe,bcoombegt@ebay.co.uk,Mercury,Grand Marquis,2005,31
607,Brittany,Poyser,bpoysergu@uol.com.br,Ford,E250,2007,97
608,Stanly,Quarterman,squartermangv@flickr.com,Dodge,Stratus,1998,93
609,Mel,Todarini,mtodarinigw@mediafire.com,Lincoln,MKZ,2011,1
610,Boigie,Fry,bfrygx@ning.com,BMW,M5,2008,30
611,Averil,Birkin,abirkingy@google.ca,Ford,Thunderbird,1995,83
612,Patricia,Hext,phextgz@chicagotribune.com,Chevrolet,Express 1500,1997,88
613,Dill,McIlrath,dmcilrathh0@latimes.com,Isuzu,Amigo,1999,44
614,Randall,Tie,rtieh1@surveymonkey.com,Toyota,Solara,2000,77
615,Lori,Lowson,llowsonh2@ft.com,Land Rover,Discovery Series II,2001,65
616,Bartolemo,Merrall,bmerrallh3@cbc.ca,Ford,Explorer Sport Trac,2010,67
617,Clary,Graith,cgraithh4@ehow.com,Acura,RDX,2012,54
618,Wilton,Cunrado,wcunradoh5@opera.com,Buick,LeSabre,1989,21
619,Lilian,Kittredge,lkittredgeh6@simplemachines.org,Volkswagen,Golf,1986,98
620,Reg,Chalder,rchalderh7@list-manage.com,Geo,Prizm,1997,98
621,Rozella,Yele,ryeleh8@weebly.com,Mazda,Protege,1994,79
622,Vevay,Cleal,vclealh9@marriott.com,Lexus,ES,1997,49
623,Patric,Deeson,pdeesonha@t.co,Chevrolet,S10,2003,7
624,Umberto,Mollon,umollonhb@a8.net,Volvo,XC70,2008,75
625,Angil,Carde,acardehc@fda.gov,Mitsubishi,Truck,1994,20
626,Rahal,Birch,rbirchhd@latimes.com,Ford,Ranger,2009,57
627,Reggi,Kiessel,rkiesselhe@jiathis.com,Toyota,Sienna,2010,56
628,Paola,Maywood,pmaywoodhf@stanford.edu,Dodge,Ram Van B350,1992,22
629,Benedick,Beszant,bbeszanthg@mapy.cz,Dodge,Ram 3500,2000,36
630,Glyn,Tiernan,gtiernanhh@time.com,Lexus,GS,1997,65
631,Raoul,Peller,rpellerhi@senate.gov,Mercedes-Benz,SL-Class,1992,42
632,Mirabel,Barlow,mbarlowhj@hexun.com,Mercury,Tracer,1994,30
633,Herminia,Geekin,hgeekinhk@linkedin.com,Lexus,RX,2002,54
634,Editha,Callander,ecallanderhl@unicef.org,Honda,Prelude,1999,54
635,Mona,Sprouls,msproulshm@istockphoto.com,GMC,3500 Club Coupe,1998,38
636,Valentia,Kenney,vkenneyhn@dot.gov,Chevrolet,Traverse,2012,24
637,Alana,Dionis,adionisho@yelp.com,Mercury,Tracer,1993,47
638,Jackquelin,Agott,jagotthp@nbcnews.com,Pontiac,Grand Prix,2008,87
639,Nola,Jinkin,njinkinhq@nydailynews.com,Mazda,B-Series,2008,11
640,Fielding,Krienke,fkrienkehr@spiegel.de,Audi,A6,2003,43
641,Leilah,Gresswood,lgresswoodhs@illinois.edu,Audi,S4,2011,13
642,Allison,Kopke,akopkeht@ftc.gov,Chrysler,Crossfire Roadster,2006,62
643,Euphemia,Yourell,eyourellhu@jigsy.com,Porsche,Boxster,1998,67
644,Andrei,Marden,amardenhv@sbwire.com,Suzuki,Grand Vitara,2011,8
645,Annette,Potticary,apotticaryhw@instagram.com,Chevrolet,Venture,2000,64
646,Harlin,Kippen,hkippenhx@biglobe.ne.jp,Volkswagen,Fox,1993,26
647,Forest,Bahde,fbahdehy@seattletimes.com,Spyker,C8 Double 12 S,2006,10
648,Vivyan,Booton,vbootonhz@hao123.com,Isuzu,Trooper,1995,91
649,Marty,Stenbridge,mstenbridgei0@ucla.edu,Chevrolet,G-Series G20,1994,43
650,Bondie,Risso,brissoi1@ycombinator.com,Toyota,Corolla,2008,77
651,Worthington,Butchart,wbutcharti2@imgur.com,Dodge,Ram Van B350,1993,50
652,Winna,Senter,wsenteri3@t.co,Porsche,911,1994,99
653,Heddi,Rodolico,hrodolicoi4@google.de,Lincoln,MKT,2010,98
654,Cherye,Raulston,craulstoni5@naver.com,Volkswagen,Jetta,1999,83
655,Trix,Seton,tsetoni6@dyndns.org,Dodge,Ram 1500,2002,87
656,Corrina,Aiskrigg,caiskriggi7@mashable.com,Hyundai,Equus,2013,94
657,Garold,Crapper,gcrapperi8@barnesandnoble.com,Mazda,Mazdaspeed 3,2011,8
658,Wynne,Castellaccio,wcastellaccioi9@cbsnews.com,Audi,A6,2003,24
659,Maynard,Chatfield,mchatfieldia@foxnews.com,Audi,Q5,2009,35
660,Vera,Corkell,vcorkellib@wufoo.com,Lexus,IS,2008,23
661,Sim,Shreve,sshreveic@auda.org.au,Plymouth,Grand Voyager,1998,51
662,Melodee,Able,mableid@dell.com,Kia,Sorento,2007,74
663,Quincy,Myrkus,qmyrkusie@storify.com,Dodge,Magnum,2006,72
664,Warren,Boord,wboordif@altervista.org,Acura,RSX,2003,85
665,Sam,Kurdani,skurdaniig@amazonaws.com,BMW,X5,2005,75
666,Garrek,Ausiello,gausielloih@e-recht24.de,Mitsubishi,Pajero,2004,46
667,Everett,Dunn,edunnii@histats.com,Mazda,MX-5,1994,89
668,Sally,Strewthers,sstrewthersij@technorati.com,Dodge,Dakota Club,2005,80
669,Worthy,Gammidge,wgammidgeik@omniture.com,Isuzu,Hombre,1998,7
670,Wynne,Augur,wauguril@seesaa.net,Audi,4000,1987,22
671,Rupert,Block,rblockim@desdev.cn,Honda,Accord,2008,50
672,Elle,Bosward,eboswardin@gizmodo.com,Audi,S5,2009,22
673,Alene,McGowan,amcgowanio@rambler.ru,Toyota,Corolla,2006,73
674,Perren,Monckman,pmonckmanip@msn.com,Suzuki,Forenza,2005,71
675,Raimund,Paquet,rpaquetiq@w3.org,Hyundai,Elantra,2005,37
676,Pooh,Glencrash,pglencrashir@tiny.cc,Ford,E-Series,2011,98
677,Sascha,Fleckness,sflecknessis@scribd.com,Buick,LeSabre,1998,85
678,Ulrich,Bozier,ubozierit@bravesites.com,Ford,Bronco,1986,19
679,Salli,Keilloh,skeillohiu@economist.com,Nissan,Xterra,2010,18
680,Fidelia,Tribble,ftribbleiv@google.co.uk,Toyota,RAV4,2009,43
681,Vitoria,McIlvoray,vmcilvorayiw@abc.net.au,Chevrolet,Cobalt SS,2007,72
682,Reilly,Cookney,rcookneyix@acquirethisname.com,Dodge,Charger,1999,29
683,Karia,Jerrim,kjerrimiy@dropbox.com,Dodge,Daytona,1984,48
684,Kelly,Barbery,kbarberyiz@japanpost.jp,Chrysler,Cirrus,2000,22
685,Kathlin,Veronique,kveroniquej0@berkeley.edu,Hyundai,Elantra,1999,9
686,Ewen,Sawer,esawerj1@networkadvertising.org,Ford,Explorer Sport Trac,2010,76
687,Imogene,Girardy,igirardyj2@seattletimes.com,Scion,tC,2013,12
688,Tally,Eloi,teloij3@goo.gl,Smart,Fortwo,2011,19
689,Hamnet,Tett,htettj4@cornell.edu,Cadillac,Eldorado,1994,61
690,Frederique,Mignot,fmignotj5@bravesites.com,Chevrolet,3500,1999,15
691,Gertrudis,Graser,ggraserj6@rambler.ru,Porsche,Boxster,2000,14
692,Kaine,Jeduch,kjeduchj7@bravesites.com,Lexus,ES,1996,46
693,Aleksandr,Derell,aderellj8@businessweek.com,BMW,3 Series,1995,92
694,Sander,Guiduzzi,sguiduzzij9@odnoklassniki.ru,Chrysler,Sebring,2001,75
695,Karee,Heaps,kheapsja@earthlink.net,Suzuki,Swift,1998,1
696,Rani,Kidds,rkiddsjb@e-recht24.de,Honda,CR-V,2008,16
697,Latrina,Rennard,lrennardjc@marketwatch.com,Porsche,911,2009,75
698,Padget,Hanretty,phanrettyjd@purevolume.com,Ford,LTD,1984,23
699,Norrie,Coppock.,ncoppockje@typepad.com,Chevrolet,Camaro,1994,70
700,Grete,Cumbridge,gcumbridgejf@independent.co.uk,Honda,Ridgeline,2012,92
701,Mel,Carruth,mcarruthjg@creativecommons.org,Toyota,Land Cruiser,2005,99
702,Atlante,Greedier,agreedierjh@newyorker.com,BMW,Z3,1996,28
703,Laurie,Tooher,ltooherji@army.mil,Nissan,Murano,2006,31
704,Bryon,Carleton,bcarletonjj@nasa.gov,Honda,Insight,2011,42
705,Pamela,Solan,psolanjk@go.com,Toyota,Sienna,2006,45
706,Ambros,Loachhead,aloachheadjl@cloudflare.com,Mitsubishi,Challenger,2000,40
707,Emyle,Lawrey,elawreyjm@springer.com,Chrysler,PT Cruiser,2009,91
708,Athene,Rossetti,arossettijn@moonfruit.com,Subaru,Forester,2001,4
709,Channa,Siddaley,csiddaleyjo@seesaa.net,Mercury,Sable,2008,81
710,Gardie,Kermannes,gkermannesjp@scientificamerican.com,Buick,Rainier,2005,88
711,Ashla,Delap,adelapjq@cocolog-nifty.com,Isuzu,Rodeo,1996,66
712,Kristal,Landrean,klandreanjr@bandcamp.com,Mazda,Protege,1995,57
713,Marcelle,MacTerlagh,mmacterlaghjs@surveymonkey.com,Mazda,MPV,1998,96
714,Donica,Greenlies,dgreenliesjt@arizona.edu,Mitsubishi,Montero,2002,1
715,Gradeigh,Crolly,gcrollyju@nationalgeographic.com,MINI,Cooper Clubman,2008,32
716,Efrem,Abrey,eabreyjv@ucoz.com,Volkswagen,Passat,1988,18
717,Marje,Spittall,mspittalljw@bravesites.com,Mitsubishi,Expo,1993,6
718,Selena,Swindley,sswindleyjx@fda.gov,Mercury,Mountaineer,2001,37
719,Saunder,D' Angelo,sdangelojy@dailymotion.com,Plymouth,Acclaim,1992,48
720,Harlene,Trevan,htrevanjz@shutterfly.com,Dodge,Avenger,1999,9
721,Karia,Holtham,kholthamk0@theglobeandmail.com,Suzuki,Sidekick,1996,22
722,Jobyna,Woolward,jwoolwardk1@globo.com,Buick,Lucerne,2011,66
723,Venita,Clevely,vclevelyk2@tumblr.com,Chevrolet,Blazer,2002,31
724,Kalindi,Linstead,klinsteadk3@feedburner.com,Scion,xB,2011,30
725,Janice,Davana,jdavanak4@nydailynews.com,GMC,Sierra 3500,2003,22
726,Amalia,Nardi,anardik5@nps.gov,Lexus,IS,2012,31
727,Hillery,Messum,hmessumk6@imgur.com,Chevrolet,S10 Blazer,1992,49
728,Juliana,Maddocks,jmaddocksk7@whitehouse.gov,Hummer,H1,2000,71
729,Fredericka,Cordero,fcorderok8@pagesperso-orange.fr,Infiniti,QX,2010,17
730,Barron,Ballendine,bballendinek9@acquirethisname.com,Ford,Escort,1994,83
731,Sherrie,Limeburn,slimeburnka@macromedia.com,Volkswagen,Passat,2008,38
732,Dalila,Holson,dholsonkb@gov.uk,Mercedes-Benz,E-Class,2012,87
733,Gill,Werrilow,gwerrilowkc@ibm.com,Nissan,Pathfinder,2000,97
734,Mariana,Wrench,mwrenchkd@yolasite.com,GMC,Suburban 1500,1997,22
735,Margo,Bollin,mbollinke@utexas.edu,Pontiac,Firebird,1969,58
736,Fowler,Wilcot,fwilcotkf@go.com,Mercedes-Benz,300SL,1992,35
737,Rene,North,rnorthkg@yale.edu,Ford,F250,2001,90
738,Joela,Petrecz,jpetreczkh@1und1.de,GMC,Suburban 1500,1998,37
739,Gilemette,Twigge,gtwiggeki@springer.com,Hyundai,Accent,2003,74
740,Ase,Raise,araisekj@google.nl,BMW,X3,2010,58
741,Blake,Hickin,bhickinkk@vinaora.com,Volvo,V70,2010,65
742,Donna,Ferrettino,dferrettinokl@cbc.ca,Chevrolet,Express 3500,1998,65
743,Allie,Shackesby,ashackesbykm@arstechnica.com,Oldsmobile,Intrigue,2001,14
744,Floyd,Huard,fhuardkn@people.com.cn,Honda,CR-V,2003,69
745,Tallulah,Medland,tmedlandko@quantcast.com,Isuzu,Hombre Space,1998,30
746,Janie,Grayne,jgraynekp@yandex.ru,Oldsmobile,Cutlass,1997,3
747,Carleton,Jocic,cjocickq@booking.com,Infiniti,FX,2007,3
748,Averil,Schiefersten,aschieferstenkr@google.com.br,Audi,100,1990,19
749,Pincas,Abrahamson,pabrahamsonks@360.cn,Nissan,GT-R,2012,22
750,Salvatore,Corradetti,scorradettikt@mac.com,Ford,E350,2003,80
751,Willie,Glanert,wglanertku@odnoklassniki.ru,Chevrolet,Camaro,2001,46
752,Lira,Quincey,lquinceykv@e-recht24.de,Pontiac,Firebird,1987,22
753,Collette,Rodenburg,crodenburgkw@npr.org,Mitsubishi,Mirage,1995,64
754,Joseito,Synnott,jsynnottkx@aol.com,Mitsubishi,Mirage,1991,20
755,Roze,Iremonger,riremongerky@dropbox.com,GMC,Rally Wagon 1500,1992,51
756,Ceciley,Surman,csurmankz@mlb.com,Mercedes-Benz,SLK-Class,2001,28
757,Sonny,Burdon,sburdonl0@timesonline.co.uk,Chrysler,Voyager,2002,44
758,Brok,Gosland,bgoslandl1@edublogs.org,Dodge,Grand Caravan,2011,67
759,Virgie,Shepeard,vshepeardl2@patch.com,Nissan,Quest,2012,77
760,Yves,Clissell,yclisselll3@ebay.co.uk,Kia,Carens,2007,31
761,Steffen,Kleiner,skleinerl4@nsw.gov.au,Mazda,MX-5,2001,46
762,Christophe,Christin,cchristinl5@nymag.com,Dodge,Ram 3500,1996,9
763,Brew,Stewart,bstewartl6@bbc.co.uk,Ford,Escape,2005,99
764,Mary,Surguine,msurguinel7@ebay.com,Plymouth,Laser,1989,14
765,Elysha,Pfleger,epflegerl8@ft.com,Lincoln,Town Car,2005,5
766,Roscoe,Karolovsky,rkarolovskyl9@ox.ac.uk,Mitsubishi,Pajero,2001,87
767,Randall,Maneylaws,rmaneylawsla@foxnews.com,Lamborghini,Countach,1987,59
768,Theadora,Fache,tfachelb@adobe.com,Lincoln,LS,2005,6
769,Lilia,Mayho,lmayholc@cdc.gov,Mitsubishi,Tredia,1986,33
770,Corry,Thonason,cthonasonld@mapy.cz,Lincoln,Continental,1993,18
771,Silva,Smithin,ssmithinle@vk.com,Toyota,Corolla,1998,16
772,Daphne,Fieldgate,dfieldgatelf@usnews.com,Volvo,240,1992,62
773,Elton,Chittock,echittocklg@nps.gov,Porsche,911,2003,11
774,Grissel,Broadhead,gbroadheadlh@jiathis.com,Honda,Pilot,2011,92
775,Wat,Kabos,wkabosli@princeton.edu,Bentley,Mulsanne,2012,26
776,Quinlan,Skull,qskulllj@si.edu,Chevrolet,Cavalier,2000,65
777,Asher,D'Onisi,adonisilk@ihg.com,Pontiac,Firebird,1985,82
778,Didi,Popland,dpoplandll@kickstarter.com,Chevrolet,Impala,1996,52
779,Jillana,Gettins,jgettinslm@bizjournals.com,Ford,Windstar,2002,70
780,Cris,Baccup,cbaccupln@wordpress.org,Toyota,MR2,1992,23
781,Marketa,Hinder,mhinderlo@gnu.org,Land Rover,Discovery,2010,17
782,Tracie,Grindle,tgrindlelp@cnet.com,Chrysler,Voyager,2003,61
783,Conrade,Gwatkins,cgwatkinslq@nydailynews.com,Mitsubishi,Raider,2006,66
784,Randal,Primo,rprimolr@eventbrite.com,Chevrolet,Corvette,1962,94
785,Portia,Carlisi,pcarlisils@ning.com,Acura,RL,2002,70
786,Micaela,Alexsandrovich,malexsandrovichlt@livejournal.com,Volkswagen,Jetta,1991,18
787,Bev,Somes,bsomeslu@vinaora.com,Hyundai,Tiburon,2004,84
788,Stearn,Rewcastle,srewcastlelv@forbes.com,Porsche,Cayman,2006,68
789,Henrik,Ibeson,hibesonlw@istockphoto.com,Chevrolet,Tahoe,2002,43
790,Ingrim,Kerkham,ikerkhamlx@woothemes.com,Jaguar,XK Series,2005,79
791,Ryun,Wooff,rwooffly@technorati.com,Toyota,Corolla,1995,34
792,Candice,Turnbull,cturnbulllz@columbia.edu,Mazda,626,1991,57
793,Padraic,Crow,pcrowm0@weibo.com,Chevrolet,G-Series G30,1992,55
794,Isaak,Patchett,ipatchettm1@de.vu,Maserati,430,1990,72
795,Ernst,Goadby,egoadbym2@behance.net,Ford,Edge,2011,51
796,Otto,Spearman,ospearmanm3@techcrunch.com,Ford,Econoline E350,1992,90
797,Niven,Lidell,nlidellm4@newsvine.com,Cadillac,Seville,1999,52
798,Jarad,Ends,jendsm5@indiatimes.com,Volkswagen,Jetta,2009,17
799,Jacquenetta,Crilley,jcrilleym6@amazon.de,Chevrolet,Impala,2005,57
800,Jose,Delacourt,jdelacourtm7@disqus.com,Chevrolet,Corvette,2008,88
801,Petronilla,Kunisch,pkunischm8@paypal.com,Oldsmobile,Alero,2002,62
802,Gusti,Lelande,glelandem9@dion.ne.jp,Chevrolet,Express,2008,5
803,Lazarus,Burtwhistle,lburtwhistlema@domainmarket.com,Bentley,Arnage,2007,44
804,Stephanie,Harriott,sharriottmb@boston.com,Oldsmobile,LSS,1999,51
805,Xylia,Ayers,xayersmc@ycombinator.com,Buick,Park Avenue,1998,57
806,Nye,Redmond,nredmondmd@github.com,Chrysler,Pacifica,2007,45
807,Deanna,Chick,dchickme@cargocollective.com,Jaguar,XK,2012,36
808,Kakalina,O' Loughran,koloughranmf@wordpress.com,GMC,Savana 2500,2002,61
809,Coralyn,Sturge,csturgemg@google.com.br,Ford,Thunderbird,1955,88
810,Joline,Stonebanks,jstonebanksmh@is.gd,Pontiac,Safari,1988,24
811,Roslyn,Larose,rlarosemi@geocities.com,Chevrolet,Citation,1980,34
812,Silvia,Morrant,smorrantmj@mayoclinic.com,Mercedes-Benz,CL-Class,2004,17
813,Suzie,Tilby,stilbymk@japanpost.jp,Toyota,T100 Xtra,1997,38
814,Renado,Helks,rhelksml@msu.edu,Volkswagen,Scirocco,1987,88
815,Lavinie,Skully,lskullymm@artisteer.com,Pontiac,Grand Am,2000,59
816,Towny,Bullen,tbullenmn@thetimes.co.uk,Mercedes-Benz,G-Class,2005,84
817,Tully,Leander,tleandermo@dion.ne.jp,BMW,M3,2005,72
818,Rahal,Tretter,rtrettermp@bigcartel.com,Nissan,Frontier,2010,27
819,Granny,Freegard,gfreegardmq@ask.com,Mazda,CX-7,2010,75
820,Adair,Fillon,afillonmr@boston.com,Lamborghini,Gallardo,2012,90
821,Leighton,Belone,lbelonems@home.pl,Lincoln,Navigator L,2008,25
822,Karrie,Dorrian,kdorrianmt@marriott.com,Chevrolet,Sonic,2012,59
823,Traci,Easum,teasummu@seattletimes.com,Kia,Optima,2002,49
824,Stevana,Hazlewood,shazlewoodmv@sun.com,GMC,Canyon,2008,52
825,Cooper,Ambrozewicz,cambrozewiczmw@etsy.com,Infiniti,QX,2011,31
826,Revkah,Clyma,rclymamx@wired.com,MINI,Cooper Clubman,2009,30
827,Ansel,Deakan,adeakanmy@eepurl.com,Dodge,Dakota Club,2006,76
828,Hannah,Vass,hvassmz@mayoclinic.com,Acura,TSX,2004,55
829,Rufe,Dunthorne,rdunthornen0@sun.com,Aston Martin,DB9,2008,93
830,Julius,Washtell,jwashtelln1@wufoo.com,Ford,LTD Crown Victoria,1993,29
831,Letti,Hunston,lhunstonn2@naver.com,Audi,S6,2007,88
832,Meghan,Royden,mroydenn3@altervista.org,Dodge,Challenger,2010,84
833,Katleen,Keeble,kkeeblen4@census.gov,Cadillac,Seville,1993,98
834,Matias,Yeell,myeelln5@fotki.com,Mazda,B-Series,2005,83
835,Base,Giraldon,bgiraldonn6@bluehost.com,Geo,Metro,1995,70
836,Shaughn,Ausiello,sausiellon7@w3.org,Maserati,Spyder,1991,29
837,Yolanthe,Kelling,ykellingn8@jigsy.com,Nissan,Xterra,2011,12
838,Averil,Shower,ashowern9@vistaprint.com,BMW,530,2005,5
839,Jo,Zambon,jzambonna@paypal.com,Pontiac,Montana,2003,75
840,Eveline,Iianon,eiianonnb@slashdot.org,Mercury,Tracer,1991,5
841,Thorny,Leneve,tlenevenc@dion.ne.jp,Chrysler,Imperial,1993,9
842,Candide,Conechie,cconechiend@dagondesign.com,Mercedes-Benz,E-Class,1985,81
843,Dani,Kennon,dkennonne@cafepress.com,Kia,Spectra5,2006,97
844,Townie,Cardno,tcardnonf@51.la,Buick,LaCrosse,2005,63
845,Worthington,Harness,wharnessng@archive.org,Cadillac,XLR,2006,13
846,Rafaello,Christopher,rchristophernh@boston.com,BMW,Z8,2001,9
847,Margaretta,Flewin,mflewinni@google.fr,Mitsubishi,Mighty Max Macro,1993,91
848,Hirsch,Janaszewski,hjanaszewskinj@wufoo.com,Saab,9000,1999,71
849,Johanna,Leahair,jleahairnk@ca.gov,Chevrolet,Tahoe,2013,82
850,Mignon,Callacher,mcallachernl@reverbnation.com,Honda,Element,2006,15
851,Chandra,Cristofolo,ccristofolonm@free.fr,Saturn,S-Series,1998,1
852,Rafferty,Bovingdon,rbovingdonnn@so-net.ne.jp,Plymouth,Prowler,1997,89
853,Thornie,Saveall,tsaveallno@ning.com,Maserati,Gran Sport,2005,44
854,Guido,Covington,gcovingtonnp@theguardian.com,Ford,F250,2003,25
855,Carce,Heathcote,cheathcotenq@miibeian.gov.cn,Volvo,C70,2011,98
856,Bertine,Dearell,bdearellnr@instagram.com,Dodge,Ram 3500 Club,1997,51
857,Alick,Hendrick,ahendrickns@unblog.fr,Chevrolet,Express 1500,2006,94
858,Garwin,MacDearmaid,gmacdearmaidnt@go.com,Dodge,Intrepid,1993,88
859,Paul,Lehon,plehonnu@imageshack.us,Lexus,ES,1999,41
860,Mortie,Daily,mdailynv@eepurl.com,Buick,Regal,2003,38
861,Jerald,Blockley,jblockleynw@hexun.com,Chrysler,300,2011,57
862,Tiertza,Losty,tlostynx@time.com,GMC,Rally Wagon G3500,1995,83
863,Lockwood,Aumerle,laumerleny@yelp.com,Toyota,Camry,1996,39
864,Claudius,Santo,csantonz@addthis.com,Chevrolet,Monte Carlo,2003,36
865,Estella,Oswald,eoswaldo0@miibeian.gov.cn,Lotus,Evora,2012,90
866,Nels,Sacco,nsaccoo1@cafepress.com,Chevrolet,Prizm,1999,75
867,Laurena,Janes,ljaneso2@cnn.com,Dodge,Caliber,2008,21
868,Gayler,Hassard,ghassardo3@cbslocal.com,Kia,Spectra,2004,8
869,Veronika,Kinset,vkinseto4@va.gov,Toyota,RAV4,2011,92
870,Madonna,Woolrich,mwoolricho5@jigsy.com,BMW,X6,2013,61
871,Geoffry,Whalley,gwhalleyo6@alexa.com,Kia,Sportage,2007,27
872,Dewey,Baynam,dbaynamo7@technorati.com,Nissan,Xterra,2003,58
873,Casey,Weddup,cweddupo8@nba.com,Pontiac,Bonneville,1964,86
874,Vaughan,Munt,vmunto9@blogspot.com,Daewoo,Leganza,1999,71
875,Dion,Greves,dgrevesoa@networkadvertising.org,Alfa Romeo,Spider,1993,50
876,Moyna,Stoffersen,mstoffersenob@youtube.com,Ford,Econoline E150,1992,69
877,Electra,Clues,ecluesoc@aboutads.info,Hyundai,Elantra,2004,80
878,Broddie,Heinsen,bheinsenod@twitpic.com,Toyota,Land Cruiser,1993,95
879,Georgy,Halden,ghaldenoe@harvard.edu,Chevrolet,Silverado 2500,2010,20
880,Rancell,Phlippsen,rphlippsenof@youtube.com,Chevrolet,Caprice Classic,1993,66
881,Townsend,Tait,ttaitog@paginegialle.it,Kia,Sedona,2003,41
882,Lucila,Birden,lbirdenoh@scientificamerican.com,GMC,Savana 3500,2009,89
883,Terri,Blakemore,tblakemoreoi@hatena.ne.jp,Daewoo,Nubira,2001,81
884,Haily,Pellett,hpellettoj@prlog.org,Lexus,GX,2008,16
885,Ariella,Morrow,amorrowok@va.gov,Ford,Crown Victoria,1998,30
886,Federica,Acheson,fachesonol@gravatar.com,Lincoln,LS,2000,40
887,Joan,Frie,jfrieom@bloomberg.com,Hyundai,Excel,1993,66
888,Hector,Ivanikov,hivanikovon@t-online.de,Dodge,D350,1992,67
889,Deana,Driffe,ddriffeoo@un.org,Dodge,Durango,2011,51
890,Murry,Seabert,mseabertop@naver.com,Chevrolet,Express 1500,2003,34
891,Orran,Mardoll,omardolloq@webnode.com,Ford,E150,2003,45
892,Curran,Jirick,cjirickor@issuu.com,Chevrolet,Venture,2002,39
893,Rodger,Checchetelli,rchecchetellios@bbb.org,Chevrolet,Suburban 2500,2010,18
894,Mycah,Scouse,mscouseot@theatlantic.com,Nissan,Pathfinder,2000,95
895,Julie,Ivachyov,jivachyovou@wikimedia.org,Mercedes-Benz,C-Class,2012,21
896,Natalya,MacGiany,nmacgianyov@gmpg.org,Chevrolet,Express 3500,1996,66
897,Salaidh,Christoffels,schristoffelsow@mozilla.com,Volvo,V70,2002,75
898,Rafaellle,Halt,rhaltox@globo.com,Hyundai,Tiburon,2003,95
899,Gaylene,Waiton,gwaitonoy@cloudflare.com,GMC,2500,1997,92
900,Sheridan,MacDirmid,smacdirmidoz@cnbc.com,Oldsmobile,Alero,1999,35
901,Saunders,Semechik,ssemechikp0@technorati.com,Chevrolet,Silverado 3500,2004,66
902,Donnamarie,Acreman,dacremanp1@apple.com,Ford,Mustang,2003,41
903,Valera,Pittle,vpittlep2@disqus.com,Buick,Regal,1988,64
904,Balduin,Lathom,blathomp3@bigcartel.com,Hyundai,Elantra,2000,1
905,Tobe,Beales,tbealesp4@nydailynews.com,Lexus,ES,2007,1
906,Parker,Beake,pbeakep5@who.int,Chevrolet,G-Series 3500,1998,37
907,Darci,Guerin,dguerinp6@spiegel.de,Mercury,Grand Marquis,1987,28
908,Ad,Brittan,abrittanp7@microsoft.com,Ford,Focus,2000,11
909,Charla,Edmundson,cedmundsonp8@reuters.com,Subaru,B9 Tribeca,2006,47
910,Corny,Need,cneedp9@barnesandnoble.com,Ford,Edge,2010,72
911,Claudia,Geffe,cgeffepa@home.pl,Pontiac,Torrent,2006,84
912,Odetta,Taill,otaillpb@dmoz.org,Suzuki,Sidekick,1989,64
913,Graehme,Serrier,gserrierpc@senate.gov,Mercury,Grand Marquis,1991,18
914,Brennan,Tantrum,btantrumpd@csmonitor.com,BMW,M3,2008,42
915,Selinda,Withers,switherspe@economist.com,Volkswagen,Type 2,1985,99
916,Saunderson,Amber,samberpf@sina.com.cn,Lexus,LS,1989,61
917,Othello,Lambard,olambardpg@whitehouse.gov,Aston Martin,V8 Vantage S,2011,11
918,Sallyann,Obin,sobinph@ibm.com,Hyundai,Excel,1994,99
919,Veriee,Fosserd,vfosserdpi@tuttocitta.it,Ford,Escort,1997,52
920,Holmes,Baudins,hbaudinspj@tumblr.com,Chrysler,LeBaron,1993,34
921,Bailey,Shekle,bsheklepk@unblog.fr,Toyota,Solara,2004,85
922,Cristal,Kennham,ckennhampl@google.cn,Jaguar,XJ Series,1999,57
923,Korney,Buff,kbuffpm@sourceforge.net,Lexus,CT,2011,82
924,Delaney,Gillian,dgillianpn@noaa.gov,Honda,Accord,1996,66
925,Peg,Scourfield,pscourfieldpo@google.fr,Ford,Mustang,1966,6
926,Baldwin,Niess,bniesspp@oracle.com,Foose,Hemisfear,2007,49
927,Rodolfo,Reade,rreadepq@uol.com.br,BMW,1 Series,2010,85
928,Zared,Falks,zfalkspr@amazonaws.com,Mazda,Navajo,1991,10
929,Doe,Mawman,dmawmanps@livejournal.com,Buick,Rainier,2006,64
930,Rancell,Rowth,rrowthpt@privacy.gov.au,BMW,M3,2010,5
931,Gaven,Ardron,gardronpu@economist.com,Chevrolet,G-Series 1500,1997,86
932,Misti,Marguerite,mmargueritepv@buzzfeed.com,Jeep,Grand Cherokee,2004,53
933,Arny,Goodsir,agoodsirpw@odnoklassniki.ru,Lincoln,Town Car,2002,34
934,Griff,Doust,gdoustpx@virginia.edu,Land Rover,Defender 90,1995,43
935,Jud,Giblin,jgiblinpy@noaa.gov,Mitsubishi,Pajero,1987,21
936,Laurel,Wason,lwasonpz@bloglovin.com,Cadillac,Eldorado,1994,53
937,Adey,Fysh,afyshq0@bing.com,Dodge,Ram 50,1993,11
938,Trueman,Theseira,ttheseiraq1@reverbnation.com,Toyota,Corolla,1995,74
939,Ryan,Connerly,rconnerlyq2@dedecms.com,Subaru,XT,1985,29
940,Gert,Eves,gevesq3@g.co,Kia,Sportage,2005,57
941,Staford,Alexis,salexisq4@bigcartel.com,Mitsubishi,Precis,1986,37
942,Arnaldo,Squirrel,asquirrelq5@loc.gov,Volkswagen,Passat,2010,94
943,Meggy,Bernth,mbernthq6@usnews.com,Suzuki,SX4,2007,41
944,Drucy,Redmore,dredmoreq7@ehow.com,Ford,F-Series,2003,5
945,Lindie,Phippard,lphippardq8@ezinearticles.com,GMC,Yukon XL 1500,2007,88
946,Evangeline,Cahan,ecahanq9@w3.org,Ford,Escort,2001,93
947,Grady,Landreth,glandrethqa@abc.net.au,Infiniti,QX,2001,51
948,Mae,Bolle,mbolleqb@people.com.cn,Audi,TT,2010,80
949,Natala,Rusk,nruskqc@mlb.com,Pontiac,Grand Am,1987,20
950,Sophia,Pates,spatesqd@jugem.jp,Porsche,Boxster,2004,22
951,Silvester,Croal,scroalqe@ft.com,Buick,Somerset,1985,35
952,Kessia,Stetson,kstetsonqf@xinhuanet.com,Subaru,Legacy,1994,30
953,Fidelio,Gatcliff,fgatcliffqg@reddit.com,GMC,2500,1995,74
954,Monro,Henric,mhenricqh@unblog.fr,Acura,TL,2001,8
955,Aluin,Choules,achoulesqi@ehow.com,Plymouth,Laser,1993,22
956,Gretta,Antonietti,gantoniettiqj@ihg.com,Oldsmobile,98,1992,69
957,Artie,Kermit,akermitqk@unc.edu,Toyota,Avalon,1996,79
958,Abbi,Butland,abutlandql@fc2.com,Cadillac,Seville,2003,50
959,Charlton,Blumire,cblumireqm@answers.com,Ram,Dakota,2011,54
960,Leslie,Guyonnet,lguyonnetqn@tuttocitta.it,Buick,Terraza,2007,49
961,Greggory,Paulat,gpaulatqo@constantcontact.com,Buick,Park Avenue,2002,47
962,Nettie,Tomczynski,ntomczynskiqp@army.mil,Mazda,Familia,1986,70
963,Jodi,McCready,jmccreadyqq@delicious.com,Ford,Tempo,1984,34
964,Catherin,Sillitoe,csillitoeqr@ifeng.com,Mitsubishi,Lancer,2003,53
965,Ximenez,Piatkow,xpiatkowqs@ebay.com,Ford,F350,2000,17
966,Moselle,Gilkison,mgilkisonqt@bizjournals.com,Land Rover,Discovery Series II,1999,27
967,Nellie,Elesander,nelesanderqu@purevolume.com,Nissan,Xterra,2011,92
968,Job,Cuffley,jcuffleyqv@live.com,Toyota,TundraMax,2010,57
969,Nat,Kingstne,nkingstneqw@google.nl,Mercedes-Benz,M-Class,2003,8
970,Homerus,Brothwood,hbrothwoodqx@go.com,Honda,Prelude,1994,89
971,Imojean,Cater,icaterqy@elegantthemes.com,Ford,Probe,1997,57
972,Bond,Dilworth,bdilworthqz@chron.com,Toyota,Camry,2011,94
973,Abrahan,Churn,achurnr0@wordpress.org,Ford,Taurus X,2008,93
974,Berkeley,Steptowe,bsteptower1@nbcnews.com,Ford,Thunderbird,1993,91
975,Donetta,Heineking,dheinekingr2@buzzfeed.com,Infiniti,G37,2009,69
976,Lynnea,Cardno,lcardnor3@umn.edu,Lexus,GS,2005,29
977,Delilah,Schroeder,dschroederr4@xinhuanet.com,Mitsubishi,Mirage,1995,43
978,Clarita,Gilchrest,cgilchrestr5@slideshare.net,Jaguar,XK Series,2003,2
979,Sayre,Jarnell,sjarnellr6@google.co.uk,Mazda,Tribute,2009,23
980,Darn,Trumpeter,dtrumpeterr7@about.me,Chevrolet,Impala,1995,49
981,Kalila,Blincow,kblincowr8@rakuten.co.jp,Mercury,Grand Marquis,2011,81
982,Fidel,Bushrod,fbushrodr9@nature.com,Ford,Mustang,1996,74
983,Alley,Romanski,aromanskira@netscape.com,GMC,Sierra 3500HD,2006,43
984,Brier,Switsur,bswitsurrb@oaic.gov.au,Dodge,Grand Caravan,1998,24
985,Hannis,Tampion,htampionrc@umn.edu,BMW,Z4,2009,100
986,Lucine,Seer,lseerrd@msn.com,Cadillac,Escalade ESV,2008,78
987,Ida,Daile,idailere@yale.edu,Audi,S8,2002,80
988,Carol-jean,Huxton,chuxtonrf@answers.com,Mercedes-Benz,G-Class,2004,75
989,Josias,Melwall,jmelwallrg@prnewswire.com,Audi,90,1988,94
990,Lenard,MacCahey,lmaccaheyrh@youku.com,GMC,Yukon,1993,31
991,Elyn,Schimaschke,eschimaschkeri@arstechnica.com,Mercury,Milan,2010,37
992,Seline,Rief,sriefrj@berkeley.edu,Chevrolet,Suburban 1500,1999,23
993,Uta,Sutton,usuttonrk@sbwire.com,Mitsubishi,3000GT,1995,65
994,Timmie,Stembridge,tstembridgerl@mapy.cz,Chevrolet,Prizm,2002,82
995,Merna,Beacock,mbeacockrm@oaic.gov.au,Lamborghini,Gallardo,2008,27
996,Lola,Golsby,lgolsbyrn@google.pl,Toyota,Tundra,2012,2
997,Cordelia,Millhill,cmillhillro@harvard.edu,Mercury,Mariner,2011,49
998,Malena,Bus,mbusrp@wordpress.com,Nissan,NX,1993,70
999,Myrlene,Mitchell,mmitchellrq@cbslocal.com,Jaguar,XK Series,2002,23
1000,Ivie,Havis,ihavisrr@ucsd.edu,Mercury,Grand Marquis,2004,58
